0x85dec8c4B2680793661bCA91a8F129607571863d,Fantom
0x9df465460938f9EBDF51C38CC87D72184471F8F0,BNB
0xB6bE9EC2d52aa665488DC1E8aE6D306ec0475a1B,BNB
0x86935F11C86623deC8a25696E1C19a8659CbF95d,Polygon
0x6339e5e072086621540d0362c4e3cea0d643e114,ETH
0x82C7a8f707110f5FBb16184A5933E9F78a34c6ab,ETH
0xd2f668a8461d6761115daf8aeb3cdf5f40c532c6,ETH
0x0938e3f7ac6d7f674fed551c93f363109bda3af9,ETH
0x73DA73EF3a6982109c4d5BDb0dB9dd3E3783f313,ETH
0xc92cedDfb8dd984A89fb494c376f9A48b999aAFc,ETH
0x8c6def540b83471664edc6d5cf75883986932674,ETH
0x764aeebcf425d56800ef2c84f2578689415a2daa,ETH
0x0c2e57efddba8c768147d1fdf9176a0a6ebd5d83,ETH
0x7EA3Cca10668B8346aeC0bf1844A49e995527c8B,ETH
0x67d9417c9c3c250f61a83c7e8658dac487b56b09,ETH
0x1dfe7Ca09e99d10835Bf73044a23B73Fc20623DF,ETH
0x6632a9d63e142f17a668064d41a21193b49b41a0,ETH
0x892848074ddea461a15f337250da3ce55580ca85,ETH
0x8943C7bAC1914C9A7ABa750Bf2B6B09Fd21037E0,ETH
0xa7206d878c5c3871826dfdb42191c49b1d11f466,ETH
0xF4ee95274741437636e748DdAc70818B4ED7d043,ETH
0xb4d06d46a8285f4ec79fd294f78a881799d8ced9,ETH
0x2acab3dea77832c09420663b0e1cb386031ba17b,ETH
0xf61f24c2d93bf2de187546b14425bf631f28d6dc,ETH
0xad9Fd7cB4fC7A0fBCE08d64068f60CbDE22Ed34C,ETH
0x123b30e25973fecd8354dd5f41cc45a3065ef88c,ETH
0xc2c747e0f7004f9e8817db2ca4997657a7746928,ETH
0x86c10d10eca1fca9daf87a279abccabe0063f247,ETH
0xfE8C6d19365453D26af321D0e8c910428c23873F,ETH
0x394e3d3044fc89fcdd966d3cb35ac0b32b0cda91,ETH
0xa1d4657e0e6507d5a94d06da93e94dc7c8c44b51,ETH
0x75e95ba5997eb235f40ecf8347cdb11f18ff640b,ETH
0xa5d37c0364b9e6d96ee37e03964e7ad2b33a93f4,ETH
0x08D7C0242953446436F34b4C78Fe9da38c73668d,ETH
0xedb61f74b0d09b2558f1eeb79b247c1f363ae452,ETH
0xd774557b647330c91bf44cfeab205095f7e6c367,ETH
0x60bb1e2AA1c9ACAfB4d34F71585D7e959f387769,ETH
0xc36cF0cFcb5d905B8B513860dB0CFE63F6Cf9F5c,ETH
0xc3f733ca98E0daD0386979Eb96fb1722A1A05E69,ETH
0x39ee2c7b3cb80254225884ca001F57118C8f21B6,ETH
0x7e6bc952d4b4bd814853301bee48e99891424de0,ETH
0x219b8ab790decc32444a6600971c7c3718252539,ETH
0x3Fe1a4c1481c8351E91B64D5c398b159dE07cbc5,ETH
0x9378368ba6b85c1fba5b131b530f5f5bedf21a18,ETH
0xfcb1315c4273954f74cb16d5b663dbf479eec62e,ETH
0xd532b88607b1877fe20c181cba2550e3bbd6b31c,ETH
0x4b15a9c28034dc83db40cd810001427d3bd7163d,ETH
0xaaDc2D4261199ce24A4B0a57370c4FCf43BB60aa,ETH
0x36d30b3b85255473d27dd0f7fd8f35e36a9d6f06,ETH
0x0e9d6552b85be180d941f1ca73ae3e318d2d4f1f,ETH
0x3110ef5f612208724ca51f5761a69081809f03b7,ETH
0xc1caf0c19a8ac28c41fe59ba6c754e4b9bd54de9,ETH
0x364c828ee171616a39897688a831c2499ad972ec,ETH
0xEf0182dc0574cd5874494a120750FD222FdB909a,ETH
0x1792a96E5668ad7C167ab804a100ce42395Ce54D,ETH
0xe75512aa3bec8f00434bbd6ad8b0a3fbff100ad6,ETH
0x670fd103b1a08628e9557cD66B87DeD841115190,Polygon
0xf54cc94f1f2f5de012b6aa51f1e7ebdc43ef5afc,ETH
0x05a46f1E545526FB803FF974C790aCeA34D1f2D6,ETH
0xaadba140ae5e4c8a9ef0cc86ea3124b446e3e46a,ETH
0x09233d553058c2f42ba751c87816a8e9fae7ef10,ETH
0x4a8c9d751eeabc5521a68fb080dd7e72e46462af,ETH
0x6dc6001535e15b9def7b0f6a20a2111dfa9454e2,ETH
0x469823c7b84264d1bafbcd6010e9cdf1cac305a3,ETH
0xADaE0Ddaf90170a44ADEbcFB8eeDE12041D13220,ETH
0xaf615b61448691fc3e4c61ae4f015d6e77b6cca8,ETH
0x19b86299c21505cdf59ce63740b240a9c822b5e4,ETH
0x1B829B926a14634d36625e60165c0770C09D02b2,ETH
0x236672Ed575E1e479b8E101AEeb920F32361f6F9,ETH
0x701a038af4bd0fc9b69a829ddcb2f61185a49568,ETH
0x11450058d796b02eb53e65374be59cff65d3fe7f,ETH
0xa08126f5e1ed91a635987071e6ff5eb2aeb67c48,ETH
0xbad6186e92002e312078b5a1dafd5ddf63d3f731,ETH
0x6be69b2a9b153737887cfcdca7781ed1511c7e36,ETH
0x1a2f71468f656e97c2f86541e57189f59951efe7,ETH
0x226bf5293692610692e2c996c9875c914d2a7f73,ETH
0x97597002980134bea46250aa0510c9b90d87a587,ETH
0x521f9c7505005cfa19a8e5786a9c3c9c9f5e6f42,ETH
0x7D8820FA92EB1584636f4F5b8515B5476B75171a,ETH
0x099689220846644f87d1137665cded7bf3422747,ETH
0xc8adfb4d437357d0a656d4e62fd9a6d22e401aa0,ETH
0xf1268733c6fb05ef6be9cf23d24436dcd6e0b35e,ETH
0x3903d4ffaaa700b62578a66e7a67ba4cb67787f9,ETH
0xB852c6b5892256C264Cc2C888eA462189154D8d7,ETH
0xb5c747561a185a146f83cfff25bdfd2455b31ff4,ETH
0xd4e4078ca3495de5b1d4db434bebc5a986197782,ETH
0xca7ca7bcc765f77339be2d648ba53ce9c8a262bd,ETH
0x960b7a6bcd451c9968473f7bbfd9be826efd549a,ETH
0xd1258DB6Ac08eB0e625B75b371C023dA478E94A9,ETH
0x3a5051566b2241285be871f650c445a88a970edd,ETH
0x4cd0ea8b1bdb5ab9249d96ccf3d8a0d3ada2bc76,ETH
0x0cfb5d82be2b949e8fa73a656df91821e2ad99fd,ETH
0x4be3223f8708ca6b30d1e8b8926cf281ec83e770,ETH
0xe0176ba60efddb29cac5b15338c9962daee9de0c,ETH 
0x9c8ff314c9bc7f6e59a9d9225fb22946427edc03,ETH 
0xc6ec80029cd2aa4b0021ceb11248c07b25d2de34,ETH 
0x966731dfd9b9925dd105ff465687f5aa8f54ee9f,ETH 
0xf497253c2bb7644ebb99e4d9ecc104ae7a79187a,ETH 
0x050dc61dfb867e0fe3cf2948362b6c0f3faf790b,ETH 
0x4f89Cd0CAE1e54D98db6a80150a824a533502EEa,ETH 
0x231d3559aa848bf10366fb9868590f01d34bf240,ETH 
0x79986af15539de2db9a5086382daeda917a9cf0c,ETH 
0x716f29b8972d551294d9e02b3eb0fc1107fbf4aa,ETH 
0x524cab2ec69124574082676e6f654a18df49a048,ETH 
0xce50f3ca1f1dbd6fa042666bc0e369565dda457d,ETH 
0xaad35c2dadbe77f97301617d82e661776c891fa9,ETH 
0xe6ef513f7429d92cb54ebd4c14026aeb90849a78,ETH 
0xc99c679C50033Bbc5321EB88752E89a93e9e83C5,ETH 
0xecdd2f733bd20e56865750ebce33f17da0bee461,ETH 
0x036721e5a769cc48b3189efbb9cce4471e8a48b1,ETH 
0x90ca8a3eb2574f937f514749ce619fdcca187d45,ETH 
0x26437d312fb36bdd7ac9f322a6d4ccfe0c4fa313,ETH 
0x5be99338289909d6dbbc57bb791140ef85ccbcab,ETH 
0x10daa9f4c0f985430fde4959adb2c791ef2ccf83,ETH 
0x7dEB7Bce4d360Ebe68278dee6054b882aa62D19c,ETH 
0x1981cc36b59cffdd24b01cc5d698daa75e367e04,ETH 
0x87e738a3d5e5345d6212d8982205a564289e6324,ETH 
0x80336Ad7A747236ef41F47ed2C7641828a480BAA,ETH 
0x7daec605e9e2a1717326eedfd660601e2753a057,ETH 
0x11595ffb2d3612d810612e34bc1c2e6d6de55d26,ETH 
0x4f81c790581b240a5c948afd173620ecc8c71c8d,ETH 
0xf76179bb0924ba7da8e7b7fc2779495d7a7939d8,ETH 
0x5df340b5d1618c543ac81837da1c2d2b17b3b5d8,ETH 
0x8d04a8c79cEB0889Bdd12acdF3Fa9D207eD3Ff63,ETH 
0x06012c8cf97bead5deae237070f9587f8e7a266d,ETH 
0x77372a4cc66063575b05b44481F059BE356964A4,ETH 
0x34b4Df75a17f8B3a6Eff6bBA477d39D701f5e92c,ETH 
0x3af2a97414d1101e2107a70e7f33955da1346305,ETH 
0xB6a37b5d14D502c3Ab0Ae6f3a0E058BC9517786e,ETH 
0x3acce66cd37518a6d77d9ea3039e00b3a2955460,ETH 
0xD3D9ddd0CF0A5F0BFB8f7fcEAe075DF687eAEBaB,ETH 
0x4f8730e0b32b04beaa5757e5aea3aef970e5b613,ETH 
0x18Df6C571F6fE9283B87f910E41dc5c8b77b7da5,ETH 
0xf7143ba42d40eaeb49b88dac0067e54af042e963,ETH 
0xBea8302e8b0F8d4ee45f7CA9161C4A2e4f255123,BSC
0x466CFcD0525189b573E794F554b8A751279213Ac,ETH 
0x99A558BDBdE247C2B2716f0D4cFb0E246DFB697D,Polygon 
0x33fd426905f149f8376e227d0c9d3340aad17af1,ETH 
0xdd69da9a83cedc730bc4d3c56e96d29acc05ecde,ETH 
0xD4d871419714B778eBec2E22C7c53572b573706e,ETH 
0x5fdb2b0c56afa73b8ca2228e6ab92be90325961d,ETH 
0xc8bcbe0e8ae36d8f9238cd320ef6de88784b1734,ETH 
0x8a1bbef259b00ced668a8c69e50d92619c672176,ETH 
0x8754F54074400CE745a7CEddC928FB1b7E985eD6,ETH 
0xf793a77e32a0e5c0cd28383e1e04bbc66ee52438,ETH 
0x95784f7b5c8849b0104eaf5d13d6341d8cc40750,ETH 
0x2a46f2ffd99e19a89476e2f62270e0a35bbf0756,ETH 
0x659A4BdaAaCc62d2bd9Cb18225D9C89b5B697A5A,ETH 
0x4addca4c07a5e9a6b4973094d03ad5aae7735e5b,ETH 
0xf62c6a8e7bcdc96cda11bd765b40afa9ffc19ab9,ETH 
0x05da517b1bf9999b7762eaefa8372341a1a47559,ETH 
0x7a376c1f8edf7ba7eb94a7438a8313a17d830ff8,ETH 
0x2a378c8d96e7d994fb9bec6adb7c6af2fe772c3b,ETH 
0xbe6e3669464e7db1e1528212f0bff5039461cb82,ETH 
0xd0318da435dbce0b347cc6faa330b5a9889e3585,ETH 
0x7e3ef31186d1bec0d3f35ad701d065743b84c790,ETH 
0xd73acd7f5099fdd910215dbff029185f21ffbcf0,ETH 
0xabb3738f04dc2ec20f4ae4462c3d069d02ae045b,ETH 
0x85f740958906b317de6ed79663012859067e745b,ETH 
0x211899f45856e22df75623a2c6abe7997802ebc3,ETH 
0x209e639a0ec166ac7a1a4ba41968fa967db30221,ETH 
0x24a11e702cd90f034ea44faf1e180c0c654ac5d9,Polygon
0xf3114dd5c5b50a573e66596563d15a630ed359b4,ETH 
0x0322f6f11a94cfb1b5b6e95e059d8deb2bf17d6a,ETH 
0x82f5ef9ddc3d231962ba57a9c2ebb307dc8d26c2,ETH 
0x9c57d0278199c931cf149cc769f37bb7847091e7,ETH 
0x94b6f3978b0a32f7fa0b15243e86af1aec23deb5,ETH 
0xe0fa9fb0e30ca86513642112bee1cbbaa2a0580d,ETH 
0x6d4bbc0387dd4759eee30f6a482ac6dc2df3facf,ETH 
0x5f4a54e29ccb8a02cdf7d7bfa8a0999a8330cced,ETH 
0xd7b397edad16ca8111ca4a3b832d0a5e3ae2438c,ETH 
0x6e9da81ce622fb65abf6a8d8040e460ff2543add,ETH 
0xe012baf811cf9c05c408e879c399960d1f305903,ETH 
0x8d4100897447d173289560bc85c5c432be4f44e4,ETH 
0x9df8aa7c681f33e442a0d57b838555da863504f3,ETH 
0x26badf693f2b103b021c670c852262b379bbbe8a,ETH 
0x0b22fe0a2995c5389ac093400e52471dca8bb48a,ETH 
0x0616a2ef54bad0b37dce41c8d8e35cce17a926f3,ETH 
0x8cd8155e1af6ad31dd9eec2ced37e04145acfcb3,ETH 
0xbd275ce24f32d6ce4e9d9519c55abe9bc0ed7fcf,ETH 
0xc143bbfcdbdbed6d454803804752a064a622c1f3,ETH 
0x880644ddf208e471c6f2230d31f9027578fa6fcc,ETH 
0x8ffb9b504d497e4000967391e70d542b8cc6748a,ETH 
0xe51aac67b09eaed6d3d43e794d6bae679cbe09d8,ETH 
0x248139afb8d3a2e16154fbe4fb528a3a214fd8e7,ETH 
0x790b2cf29ed4f310bf7641f013c65d4560d28371,ETH 
0xc878671ff88f1374d2186127573e4a63931370fc,ETH 
0xeda3b617646b5fc8c9c696e0356390128ce900f8,ETH 
0xcb4307f1c3b5556256748ddf5b86e81258990b3c,ETH 
0x16de9d750f4ac24226154c40980ef83d4d3fd4ad,ETH 
0xa74ae2c6fca0cedbaef30a8ceef834b247186bcf,ETH 
0xf661d58cfe893993b11d53d11148c4650590c692,ETH 
0x9b8b9c7c02be0bd0aa4d669bf6a1f6003424c6dc,ETH 
0x818a19a6d3f0859b68e8490a6e945a51060caad1,ETH 
0xbda2481db91fc0f942ed3f53de378ba45ba9d17e,ETH 
0xaa20f900e24ca7ed897c44d92012158f436ef791,ETH 
0x97ca7fe0b0288f5eb85f386fed876618fb9b8ab8,ETH 
0x062e691c2054de82f28008a8ccc6d7a1c8ce060d,ETH 
0x3f4a885ed8d9cdf10f3349357e3b243f3695b24a,ETH 
0xfb61bd914d4cd5509ecbd4b16a0f96349e52db3d,ETH 
0xc9677cd8e9652f1b1aadd3429769b0ef8d7a0425,ETH 
0xbea8123277142de42571f1fac045225a1d347977,ETH 
0x31d45de84fde2fb36575085e05754a4932dd5170,ETH 
0x9d418c2cae665d877f909a725402ebd3a0742844,ETH 
0x51f0c1938b0e67cafc7a6fc8eb6edd7fdbe002bc,ETH 
0xae99a698156ee8f8d07cbe7f271c31eeaac07087,ETH 
0xa7ee407497b2aeb43580cabe2b04026b5419d1dc,ETH 
0xeb2dfc54ebafca8f50efcc1e21a9d100b5aeb349,ETH 
0x64ad353bc90a04361c4810ae7b3701f3beb48d7e,ETH 
0x7afe30cb3e53dba6801aa0ea647a0ecea7cbe18d,ETH 
0x42fe737749683595e4315b443eadcc9346a994d9,ETH 
0xa5c807a62cd6774d6bf518dd2dec0ae17446ad8d,ETH 
0x0aa7420c43b8c1a7b165d216948870c8ecfe1ee1,ETH 
0xe2e27b49e405f6c25796167b2500c195f972ebac,ETH 
0xbace7e22f06554339911a03b8e0ae28203da9598,ETH 
0xedc3ad89f7b0963fe23d714b34185713706b815b,ETH 
0x704bf12276f5c4bc9349d0e119027ead839b081b,ETH 
0x338866f8ba75bb9d7a00502e11b099a2636c2c18,ETH 
0x1fec856e25f757fed06eb90548b0224e91095738,ETH 
0x7cc7add921e2222738561d03c89589929cefcf21,ETH 
0x05e7f2499ff153fea2f20bbde0b5584c911c0af1,ETH 
0x59ad67e9c6a84e602bc73b3a606f731cc6df210d,ETH 
0x696115768bbef67be8bd408d760332a7efbee92d,ETH 
0xccdf1373040d9ca4b5be1392d1945c1dae4a862c,ETH 
0x7a3b97a7400e44dadd929431a3640e4fc47daebd,ETH 
0x138a5c693279b6cd82f48d4bef563251bc15adce,ETH 
0xc71a726d390bf02b4af8920c0820970310d0f367,ETH 
0x3ca5b00ade54365fbd590d4bc397e044a13068e5,ETH 
0x343f999eaacdfa1f201fb8e43ebb35c99d9ae0c1,ETH 
0xcfff4c8c0df0e2431977eba7df3d3de857f4b76e,ETH 
0x9261b6239a85348e066867c366d3942648e24511,ETH 
0x65c234d041f9ef96e2f126263727dfa582206d82,ETH 
0x363c5dc3ff5a93c9ab1ec54337d211148e10f567,ETH 
0x582048c4077a34e7c3799962f1f8c5342a3f4b12,ETH 
0x78d61c684a992b0289bbfe58aaa2659f667907f8,ETH 
0x40fb1c0f6f73b9fc5a81574ff39d27e0ba06b17b,ETH 
0x77640cf3f89a4f1b5ca3a1e5c87f3f5b12ebf87e,ETH 
0x7f7685b4cc34bd19e2b712d8a89f34d219e76c35,ETH 
0xd668a2e001f3385b8bbc5a8682ac3c0d83c19122,ETH 
0x8184a482a5038b124d933b779e0ea6e0fb72f54e,ETH 
0xdd70af84ba86f29bf437756b655110d134b5651c,ETH 
0xa406489360a47af2c74fc1004316a64e469646a5,ETH 
0x2250d7c238392f4b575bb26c672afe45f0adcb75,ETH 
0xcbc67ea382f8a006d46eeeb7255876beb7d7f14d,ETH 
0x7eef591a6cc0403b9652e98e88476fe1bf31ddeb,ETH 
0x0f78c6eee3c89ff37fd9ef96bd685830993636f2,ETH 
0xf07468ead8cf26c752c676e43c814fee9c8cf402,ETH 
0x96316355c44be69414756d6706c61e61aecbd5f3,ETH 
0x9eeeaf684e228c2d5c89435e010acc02c41dc86b,ETH 
0xd754937672300ae6708a51229112de4017810934,ETH 
0xd8a5d498ab43ed060cb6629b97a19e3e4276dd9f,ETH 
0xc9cb0fee73f060db66d2693d92d75c825b1afdbf,ETH 
0x25cd67e2dfec471acd3cdd3b22ccf7147596dd8b,ETH 
0x6fc355d4e0ee44b292e50878f49798ff755a5bbc,ETH 
0x1afef6b252cc35ec061efe6a9676c90915a73f18,ETH 
0x22c08c358f62f35b742d023bf2faf67e30e5376e,ETH 
0xc22616e971a670e72f35570337e562c3e515fbfe,ETH 
0x740c178e10662bbb050bde257bfa318defe3cabc,ETH 
0x950b9476a4de757bb134483029ac4ec17e739e3a,ETH 
0x368ad4a7a7f49b8fa8f34476be0fc4d04ce622f5,ETH 
0x98a0227e99e7af0f1f0d51746211a245c3b859c2,ETH 
0x2efa07cac3395599db83035d196f2a0e7263f766,ETH 
0x9759226b2f8ddeff81583e244ef3bd13aaa7e4a1,ETH 
