0x07694c31d496290632defe3bc048c82b20b28036,BSC
0x6ddba3381663431ce6c34874a9875b995788008b,BSC
0x7785035610075ec7bcd7c833b03996e866fe0072,BSC
0xc51fb45c6497231772ba133b8011a999b1cb759a,BSC
0x582eF5a3BBe0ab862d9704b4584E7EB9bdc068e1,BSC
0x41c0fff85f53da07b373237c5149d5a06b880701,BSC
0x2Fd316B950035D4c5c50A76EdD009EB8EfA48eBD,BSC
0x2e62Ae1618e19E6bf7Fa167E869823F331585650,BSC
0x4C0EF2b27c793c0Dda07CDF7A8f32093E53904cC,BSC
0x87577f0b6694be2e35d9b8ae852bbbdb3a0344d2,BSC
0x3238DAE5cD500Ec7f6502EDb19FE15E3095FEf9d,BSC
0x5a3503b609111978d1f5ef7b0ed42f73916e26fa,BSC
0xdf39205c9503c9217c8a139703636540595740f9,BSC
0xA46C5E422361634F72c4fe10aCa4d18e7a390F2b,BSC
0x53aE8D13434c8Fa5e30c0b3b73bD32DaDaD79255,BSC
0x38EB54Ba37ad1B9C45FEb4d03e46c42cc7f90536,BSC
0x35b182cbb67688b20a5fc393bee5e83c1cb4c8c0,BSC
0xde875e515296423f3872e709d7520df78fd3035b,BSC
0xaef10dd120e79f60d61048c306b7379c21d56a38,BSC
0x867CEe98A34130148EE7ba87Cf2f609b55eE23ae,BSC
0xac2faCfD2C3f8B70b67Ca8Bb9b12F7BC7aBA65F7,BSC
0xa06411Af90C84fa9Ba4168CC08D8618A602826ba,BSC
0x24303F9A288055181fF62A57ae719770087846C2,BSC
0xB6A0Ad1C6C2E1E158026a2b5F8Ce2e8aCacFFA95,BSC
0x11F814bf948c1e0726c738c6d42fA7234f32b6E8,BSC
0xf4341fA52669cea0c1836095529A7E9B04b8b88D,BSC
0xee246aa7e2ecf136466c6fe4808f395861c6a04e,BSC
0xE5F890B1a48760bd20AAb8e20AEcc7216b7eF211,BSC
0x1633b7157e7638c4d6593436111bf125ee74703f,BSC
0x5318Ae72F0080d2de2fD3E9E39b4066F1D759E5D,BSC
0x45289007706E7Ee7B42b1fA506661d97740Edfb4,BSC
0x4d1e90ab966ae26c778b2f9f365aa40abb13f53c,BSC
0xac68931b666e086e9de380cfdb0fb5704a35dc2d,BSC
0x5a04565ee1c90c84061ad357ae9e2f1c32d57dc6,BSC
0xC84D8d03aA41EF941721A4D77b24bB44D7C7Ac55s,BSC
0x41c0fff85f53da07b373237c5149d5a06b880701,BSC
0x53035e4e14fb3f82c02357b35d5cc0c5b53928b4,BSC
0xE5F890B1a48760bd20AAb8e20AEcc7216b7eF211,BSC
0x3a806a3315e35b3f5f46111adb6e2baf4b14a70d,BSC
0x8a0c542ba7bbbab7cf3551ffcc546cdc5362d2a1,BSC
0x5Cf8eA4278f689B301C4a17DdCa9D5ec8b0B0511,BSC
0x00c3b3e90f2c960d711891b3bd57917c7acf4b15,BSC
0xe2e912F0b1b5961be7CB0D6dbb4A920ACe06Cd99,BSC
0xC84D8d03aA41EF941721A4D77b24bB44D7C7Ac55,BSC
0xc75aa1fa199eac5adabc832ea4522cff6dfd521a,BSC
0x3f3f162e8F172fB681a4Fe9BE187B0FF21fE0734,BSC
0x3a806a3315e35b3f5f46111adb6e2baf4b14a70d,BSC
0xbecFD0BB03B34D973c0eE577d20A7F363A0E2094,BSC
0x2e84c076c83bdcbe586be6effe2c941a24e291a7,BSC
0xde875e515296423f3872e709d7520df78fd3035b,BSC
0x995cfE03cB93C68a8919E43Fec205941c2a88893,BSC
0x40755d50d6af0b5955a7491d6a5da94535c26382,BSC
0xa06411Af90C84fa9Ba4168CC08D8618A602826ba,BSC
0x00000065cBADeAD116136940b302F938284f2BDc,BSC
0x5C59D534b4c1e6992645C4041815CAa9881Eb00F,BSC
0x24303F9A288055181fF62A57ae719770087846C2,BSC
0xB6A0Ad1C6C2E1E158026a2b5F8Ce2e8aCacFFA95,BSC
0xac68931b666e086e9de380cfdb0fb5704a35dc2d,BSC
0x621effe756ea258db26c9c5c3e2fe5583a469870,Cronos
0x7378fd30daDf1324076D107A52F49850578b2215,Cronos
0x7e42F38549AE5B181D985a2a601E1BD44B56319f,Cronos
0x68287da89d5b27d5549c742e0ed1af1bcd80be10,Polygon
0xbbCfb4954f12b29B1F823DF892F547cD17cba2f5,Polygon
0x40038c83e459937a988b669f1159cc78d8fdad68,Polygon


