0x5A98FcBEA516Cf06857215779Fd812CA3beF1B32,ETH
0x9f8F72aA9304c8B593d555F12eF6589cC3A579A2,ETH
0xD33526068D116cE69F19A9ee46F0bd304F21A51f,ETH
0x64048A7eEcF3a2F1BA9e144aAc3D7dB6e58F555e,BSC
0xc2EdaD668740f1aA35E4D8f227fB8E17dcA888Cd,ETH
0x9485DbDa44B279311e3eEe374CED60b5364A97d9,ETH
0xf7DE7E8A6bd59ED41a4b5fe50278b3B7f31384dF,BSC
0x62B9c7356A2Dc64a1969e19C23e4f579F9810Aa7,ETH
0x965F527D9159dCe6288a2219DB51fc6Eef120dD1,BSC
0xBdc3372161dfd0361161e06083eE5D52a9cE7595,ETH
0x8F0528cE5eF7B51152A59745bEfDD91D97091d2F,BSC
0x55aF5865807b196bD0197e0902746F31FBcCFa58,ETH
0x89Fa1974120d2a7F83a0cb80df3654721c6a38Cd,BSC
0x02c5cE497ca02602c68407BfaB624996437c09B7,BSC
0x9813037ee2218799597d83D4a5B6F3b6778218d9,BSC
0xA49d7499271aE71cd8aB9Ac515e6694C755d400c,ETH
0x41D5D79431A913C4aE7d69a668ecdfE5fF9DFB68,ETH
0x603c7f932ED1fc6575303D8Fb018fDCBb0f39a95,BSC
0x72B7D61E8fC8cF971960DD9cfA59B8C829D91991,BSC
0x875773784Af8135eA0ef43b5a374AaD105c5D39e,ETH
0x82362Ec182Db3Cf7829014Bc61E9BE8a2E82868a,Polygon
0x2e9d63788249371f1DFC918a52f8d799F4a38C94,ETH
0x60D01EC2D5E98Ac51C8B4cF84DfCCE98D527c747,BSC
0x77777777777d4554c39223C354A05825b2E8Faa3,Avalanche
0x5b17b4d5e4009B5C43e3e3d63A5229F794cBA389,BSC
0x4197C6EF3879a08cD51e5560da5064B773aa1d29,BSC
0x56b251d4b493ee3956E3f899D36b7290902D2326,Arbitrum
0xa73Ae666CEB460D5E884a20fb30DE2909604557A,Arbitrum
0xD23811058Eb6e7967D9a00dc3886E75610c4AbBa,BSC
0xdBdb4d16EdA451D0503b854CF79D55697F90c8DF,ETH
0x3c8B650257cFb5f272f799F5e2b4e65093a11a05,Optimism
0x4B5C23cac08a567ecf0c1fFcA8372A45a5D33743,ETH
0x0cEC1A9154Ff802e7934Fc916Ed7Ca50bDE6844e,ETH
0x15b2fb8f08E4Ac1Ce019EADAe02eE92AeDF06851,Arbitrum
0x618679dF9EfCd19694BB1daa8D00718Eacfa2883,ETH
0x60f8526f09caaF0008187945ccd88Bc43790042C,ETH
0x7859B01BbF675d67Da8cD128a50D155cd881B576,BSC
0x6F620EC89B8479e97A6985792d0c64F237566746,ETH
0x94E0BAb2F6Ab1F19F4750E42d7349f2740513aD5,ETH
0x518b63Da813D46556FEa041A88b52e3CAa8C16a8,ETH
0x0E358838ce72d5e61E0018a2ffaC4bEC5F4c88d2,Moonbeam
0x7b2E3FC7510D1A51b3bef735F985446589219354,BSC
0xC25b7244e192D531495C400c64ea914A77E730A2,BSC
0x2090c8295769791ab7A3CF1CC6e0AA19F35e441A,BSC
0x557233E794d1a5FbCc6D26dca49147379ea5073c,BSC
0x655eDCE464CC797526600a462A8154650EEe4B77,ETH
0x5602df4A94eB6C680190ACCFA2A475621E0ddBdc,Fantom
0x0487b824c8261462F88940f97053E65bDb498446,BSC
0x63d6EC1cDef04464287e2af710FFef9780B6f9F5,BSC
0xb02e3A4B5ebC315137753e24b6Eb6aEF7D602E40,BSC
0x6cc0E0AedbbD3C35283e38668D959F6eb3034856,Fantom
0xeEeEEb57642040bE42185f49C52F7E9B38f8eeeE,BSC
0x666666661f9B6D8c581602AAa2f76cbead06C401,BSC
0x451ef8D6B645a60115EB8b8bEa76B39C0C761004,BSC
0xBC4CA0EdA7647A8aB7C2061c2E118A18a936f13D,ETH
0x5Af0D9827E0c53E4799BB226655A1de152A425a5,ETH
0x5f0197Ba06860DaC7e31258BdF749F92b6a636d4,Polygon
0x456125Cd98107ae0480Ba566f1b716D48Ba31453,ETH
0xF5b0A3eFB8e8E4c201e2A935F110eAaF3FFEcb8d,ETH
0xD69F306549e9d96f183B1AecA30B8f4353c2ECC3,ETH
0x5a15Bdcf9a3A8e799fa4381E666466a516F2d9C8,Avalanche
0x142e03367ede17cd851477a4287d1f35676e6dc2,ETH
0x44042BC4d1D7B21D635837c6a07fabe5726925aA,BSC
0xb47e3cd837dDF8e4c57F05d70Ab865de6e193BBB,ETH
0xccC8cb5229B0ac8069C51fd58367Fd1e622aFD97,ETH
0x6EbeAf8e8E946F0716E6533A6f2cefc83f60e8Ab,ETH
0x10877eb0eDD0fe548fE376A9095A9c59D2B1Ac8D,BSC
0xd9233423dA6bA1c598b41ee509df2c242Ce8aE80,BSC
0xfAcFa95A4Ec33AAcE4C55dD2754E19143Aa2f6A6,BSC
0x20F8b9a461CAB48C065974ceb74e059f72EeD700,BSC
0xAFE24E29Da7E9b3e8a25c9478376B6AD6AD788dD,BSC
0x7Bd29408f11D2bFC23c34f18275bBf23bB716Bc7,ETH
0x98f39d0f8c67885071cc99c5af1d4cacbcc89b0c,BSC
0xcc5275bded318a2f0c809071be52d78c9d08db74,Polygon
0x2B4A66557A79263275826AD31a4cDDc2789334bD,Polygon
0xD1f9c58e33933a993A3891F8acFe05a68E1afC05,Polygon
0x199a481B710797dD7124007Dd0fA39eB31CFCF4a,BSC
0x7163A4E4a5A99dcB7d2F49bb89219945Ab62993A,BSC
0x502580fc390606b47FC3b741d6D49909383c28a9,Avalanche